{
    "uvs":[[0.80337,0.558166,0.81902,0.647724,0.73108,0.483722,0.767232,0.88906,0.789595,0.949528,0.719622,0.977,0.581876,0.736858,0.566226,0.826416,0.521408,0.81136,0.533119,0.828372,0.577937,0.843428,0.505647,0.917873,0.866665,0.826555,0.911483,0.801881,0.895593,0.849749,0.959683,0.489722,0.874303,0.633968,0.930754,0.483722,0.649513,0.736858,0.697382,0.745914,0.642631,0.881104,0.892341,0.635923,0.99361,0.771113,0.948792,0.786169,0.825057,0.558461,0.870363,0.483722,0.822743,0.647724,0.840763,0.976377,0.793144,0.88906,0.863116,0.916531,0.71645,0.963562,0.672338,0.978323,0.656604,0.88906,0.625285,0.883059,0.652756,0.97256,0.581174,0.897821,0.474469,0.009653,0.54845,0.12269,0.307351,0.080678,0.252763,0.082693,0.01227,0.122925,0.086477,0.011623,0.247367,0.9955,0.310909,0.997262,0.727495,0.712881,0.647056,0.713176,0.687128,0.483722,0.930543,0.835986,0.915361,0.788125,0.959472,0.812791,0.803956,0.65568,0.832884,0.64968,0.889335,0.799926,0.591765,0.881104,0.584882,0.736858,0.639625,0.872342,0.80095,0.736858,0.744499,0.887104,0.700387,0.872342,0.687128,0.734903]],
    "normals":[0.588526,0.082085,-0.8043,-0.774133,-0.519927,-0.361102,0.453233,0.10206,0.88553,0.193934,0.640479,0.743085,0.271729,-0.958057,-0.091045,-0.538745,-0.355331,0.763868,0.811241,0.463148,0.356906,-0.480937,-0.005192,-0.87674,-0.594033,0.083968,-0.800046,0.777665,-0.517633,-0.356782,-0.458759,0.103739,0.882484,-0.199995,0.640839,0.741166,0.637297,0.611021,-0.469581,-0.642687,0.570375,-0.511493,-0.823306,-0.157847,-0.545207,0.846183,-0.16215,-0.507623,0,0.025787,0.999667,0.002423,0.641942,-0.76675,-0.270659,-0.958497,-0.089597,0.538745,-0.355331,0.763868,-0.81516,0.466087,0.343915,0.486085,-0.0077,-0.873877,0.002747,0.766745,0.641946,-0.646105,-0.488605,0.586356,0.64671,-0.490999,0.583684],
    "metadata":{
        "generator":"io_three",
        "faces":25,
        "uvs":1,
        "normals":25,
        "vertices":18,
        "type":"Geometry",
        "version":3,
        "materials":3
    },
    "vertices":[-0.215379,-0.018131,0.254635,-0.130827,-0.03062,-0.229209,-0.605928,0.226597,0.656825,-0.457512,-0.151435,0.173292,-0.301224,-0.276743,0.205711,-0.762492,-0.313925,0.985007,0.219197,-0.018172,0.253044,0.605928,0.226597,0.656825,0.134193,-0.030673,-0.229209,0.457512,-0.151435,0.173292,0.001113,0.122996,0.372016,0.012398,0.313925,0.213513,0.001113,-0.050108,-0.985007,0.301224,-0.276743,0.205711,0.762492,-0.313925,0.985007,-0.215409,-0.011096,0.246232,0.001083,0.130031,0.363613,0.219167,-0.011137,0.244641],
    "faces":[42,0,1,2,0,0,1,2,0,0,0,42,1,3,2,0,3,4,5,1,1,1,42,1,0,3,1,6,7,8,2,2,2,42,3,0,2,0,9,10,11,3,3,3,42,3,0,4,1,12,13,14,4,4,4,42,4,5,3,1,15,16,17,5,5,5,42,4,0,5,1,18,19,20,6,6,6,42,5,0,3,1,21,22,23,7,7,7,42,6,7,8,0,24,25,26,8,8,8,42,8,7,9,0,27,28,29,9,9,9,42,9,6,8,1,30,31,32,10,10,10,42,9,7,6,0,33,34,35,11,11,11,42,10,6,11,1,36,37,38,12,12,12,42,11,0,10,1,39,40,41,13,13,13,42,12,0,11,1,42,40,39,14,14,14,42,6,12,11,1,37,43,38,15,15,15,42,6,0,12,1,44,45,46,16,16,16,43,0,6,17,15,1,45,44,44,45,17,17,17,17,42,13,6,9,1,47,48,49,18,18,18,42,13,9,14,1,50,51,52,19,19,19,42,13,14,6,1,53,54,55,20,20,20,42,14,9,6,1,56,57,58,21,21,21,42,16,15,17,2,59,45,44,22,22,22,43,6,10,16,17,1,37,36,36,37,23,23,23,23,43,10,0,15,16,1,41,40,40,41,24,24,24,24],
    "name":"starshipGeometry.5",
    "materials":[{
        "DbgIndex":1,
        "depthTest":true,
        "colorDiffuse":[6e-05,0,0.405854],
        "colorSpecular":[0.5,0.5,0.5],
        "specularCoef":50,
        "transparent":false,
        "DbgName":"wings",
        "blending":"NormalBlending",
        "wireframe":false,
        "doubleSided":true,
        "DbgColor":15597568,
        "shading":"phong",
        "depthWrite":true,
        "colorEmissive":[0,0,0],
        "visible":true,
        "opacity":1
    },{
        "DbgIndex":0,
        "depthTest":true,
        "colorDiffuse":[0.64,0.64,0.64],
        "colorSpecular":[0.085366,0.085366,0.085366],
        "specularCoef":50,
        "transparent":false,
        "DbgName":"hull",
        "blending":"NormalBlending",
        "wireframe":false,
        "doubleSided":true,
        "DbgColor":15658734,
        "shading":"phong",
        "depthWrite":true,
        "colorEmissive":[0,0,0],
        "visible":true,
        "opacity":1
    },{
        "DbgIndex":2,
        "depthTest":true,
        "colorDiffuse":[0.64,0.389143,0],
        "colorSpecular":[0.5,0.002105,0],
        "specularCoef":50,
        "transparent":false,
        "DbgName":"truster",
        "blending":"NormalBlending",
        "wireframe":false,
        "doubleSided":true,
        "DbgColor":60928,
        "shading":"phong",
        "depthWrite":true,
        "colorEmissive":[0,0,0],
        "visible":true,
        "opacity":1
    }]
}